{"mean": [2.7506107248730127, 15.5, 584.576, 14.056789581545557, 3.4669194675992054, 0.204, 0.206, 0.21, 0.19, 0.19], "scale": [0.7314303048115608, 10.983168941612433, 313.2817585241758, 1.7050286778217578, 0.8661080286683858, 0.4029689814365369, 0.4044304637388237, 0.407308237088326, 0.3923009049186606, 0.39230090491866065], "feature_names": ["Processor_Speed", "RAM_Size", "Storage_Capacity", "Screen_Size", "Weight", "Brand_Acer", "Brand_Asus", "Brand_Dell", "Brand_HP", "Brand_Lenovo"]}